CustomerID,CustomerName,Region,Age,Gender,CustomerSince,Email
1,Robin Ward,North,51,Male,26-07-2022,pcohen@gmail.com
2,Joseph Chapman,East,21,Female,21-04-2023,kevin04@yahoo.com
3,Dr. Alicia Henderson DVM,North,19,Male,22-03-2024,rmejia@gmail.com
4,Laura King,Central,20,Male,03-08-2024,kclark@brown.com
5,Brian Wheeler,South,18,Female,07-02-2023,michaelochoa@gmail.com
6,Kelly Brown,Central,59,Male,14-02-2020,douglas04@hotmail.com
7,Brad Harrison,South,24,Female,29-07-2024,epatrick@price-rose.com
8,Rebecca Harrington,West,58,Female,24-05-2022,smithgeorge@hotmail.com
9,Kelly Gonzalez,Central,53,Female,24-02-2024,brittanycalderon@hotmail.com
10,Donald Perry,South,25,Male,06-06-2021,robert22@gmail.com
11,Carly Branch,South,55,Female,17-04-2023,kenneth55@costa.info
12,Roy Fowler,Central,49,Female,25-02-2020,matthewpadilla@castillo.net
13,Chelsey Hunter,East,32,Female,04-11-2020,justinrose@gmail.com
14,Ryan King,East,57,Female,20-02-2024,ryanlucero@thompson.com
15,Frank Fritz,West,34,Female,26-06-2020,christopher12@wilkins.com
16,Jonathan Adams,North,55,Female,31-08-2021,nunezcourtney@robertson.com
17,John Lopez,West,61,Male,18-09-2022,sandersrobin@miller-galvan.biz
18,Mr. Jeffrey Griffin PhD,West,25,Male,13-03-2024,ccarson@cole.info
19,Brenda Williams,East,39,Male,02-03-2021,susannelson@charles.net
20,Kimberly Acosta,North,48,Male,15-01-2020,brownkristin@buchanan.info
21,Terri Wilkins,West,64,Female,26-10-2020,mark18@yahoo.com
22,Bridget Castaneda,West,60,Female,30-12-2021,toddbernard@rice-wells.com
23,James Harvey,West,67,Male,25-06-2021,janetwatkins@figueroa.com
24,James Weaver,Central,65,Female,28-01-2023,leeautumn@morgan.org
25,Ashley Collins,Central,41,Female,02-02-2020,mark93@gmail.com
26,Edwin Aguilar,South,28,Female,27-10-2020,sanchezkenneth@yahoo.com
27,Rodney Armstrong,East,66,Female,29-07-2020,sandrarocha@gmail.com
28,Joseph Powell,East,57,Male,08-06-2024,allencandace@martin-mooney.biz
29,Dylan Campbell,North,67,Female,23-11-2022,mendezjessica@chan-barton.biz
30,Michael Martinez,East,45,Female,25-07-2021,morenojustin@black.com
31,Anthony Perez,South,19,Male,29-05-2024,taylorcharles@turner.info
32,Gary Davis MD,East,39,Male,15-11-2023,george01@bell.org
33,Jared Hudson,North,39,Female,01-03-2020,alan46@franklin-burns.com
34,Emily Bryan,East,37,Male,03-05-2022,melendezlaura@yahoo.com
35,John Hubbard,South,63,Female,14-10-2023,kimjulie@wright-donovan.com
36,Christopher Thomas,East,49,Female,02-04-2021,deborahacosta@jackson-peterson.com
37,Megan Fox,South,62,Male,26-05-2024,ebonyguerrero@yahoo.com
38,Stephen Martin,West,30,Female,20-11-2021,maryrobinson@yahoo.com
39,Matthew Hernandez,Central,41,Female,23-12-2020,simmonsbradley@yahoo.com
40,Yvonne Simon,South,39,Female,25-05-2021,randallmorgan@crawford.info
41,Roberto Perkins,West,40,Female,18-10-2024,velezvincent@harris.com
42,Jamie Howard,South,67,Female,04-05-2020,clarkcurtis@bradley-powell.com
43,Carlos Reeves,West,41,Male,18-10-2022,reedmichelle@gmail.com
44,Sandra Goodwin,West,28,Female,22-01-2021,anita90@stephenson.com
45,William Morris,North,51,Female,16-11-2021,taylorjose@yahoo.com
46,Mary Snyder,West,23,Female,05-03-2023,qbennett@gmail.com
47,Brian Smith,South,55,Male,19-04-2023,turnerjessica@rodriguez.com
48,Justin Owen,North,40,Female,13-06-2020,timothybrown@gonzalez.org
49,Sharon Alexander,West,38,Female,04-06-2022,adrianrodriguez@gmail.com
50,Matthew Merritt,North,53,Male,27-12-2020,gary11@gmail.com
51,Randall Medina,South,66,Male,02-11-2023,jilljohnson@gonzalez.com
52,Michelle Williams,West,45,Female,03-11-2022,patriciajohnson@lee-rangel.com
53,Taylor Wilson,South,58,Female,03-11-2024,jamesdaniel@jackson.com
54,Jamie Sherman,Central,64,Male,23-08-2022,francisjonathan@jones.info
55,Barbara Payne,North,55,Female,21-12-2022,christopher11@jones.info
56,Susan Sanders,South,63,Male,05-08-2024,timothy71@yahoo.com
57,Lisa Davis,East,62,Female,19-12-2023,zweaver@aguirre.com
58,Melanie Patrick,North,66,Female,06-01-2021,wanda18@hotmail.com
59,Rodney Rodriguez,Central,50,Male,12-02-2023,ronaldklein@collins-craig.com
60,Christopher Obrien,East,46,Male,28-05-2023,joshua76@montgomery.com
61,Connor Huang,West,22,Male,10-05-2022,esanchez@davis.net
62,Jeffrey Johnson,West,58,Female,02-06-2021,jeffrey96@hotmail.com
63,Mindy Gay,East,30,Male,10-09-2022,cody16@mueller-williams.com
64,Edward Hill,West,49,Male,20-03-2021,lisa09@gmail.com
65,Nicole Weeks,Central,46,Male,29-01-2021,mandywilson@gmail.com
66,Juan Lopez,Central,56,Male,16-11-2023,chandlerrichard@stokes.info
67,Michael Gallagher,Central,54,Female,04-02-2021,umoody@yahoo.com
68,Alex Walker,West,54,Male,23-12-2022,jean69@hotmail.com
69,Lance Simpson,North,47,Female,30-12-2020,spencersheri@gmail.com
70,Christopher Marshall,Central,57,Male,10-12-2021,matthewperez@hicks.org
71,Karen Acevedo,West,25,Female,16-11-2023,jacksontimothy@hotmail.com
72,Kimberly Walsh,East,23,Male,03-03-2022,brookedavis@sanchez.biz
73,Troy Hicks,North,20,Male,13-07-2024,brandihodges@walker.org
74,Gregory Miller,East,57,Male,11-09-2024,kylesanders@price.com
75,Kelsey Reed,North,44,Female,04-10-2024,jamespeters@gmail.com
76,Monica Ross,North,67,Male,24-01-2022,josephbriggs@hill.com
77,Melissa Flores,Central,69,Female,04-11-2023,shorton@walker.com
78,Kimberly Walton,Central,28,Female,05-03-2020,munozmatthew@hotmail.com
79,Karen Myers,Central,63,Male,24-09-2024,vrogers@gmail.com
80,Sophia Drake,North,59,Male,24-05-2023,nguyeneric@flores.com
81,Christopher Carter,North,25,Male,11-03-2022,vickie80@yahoo.com
82,Steven Stephens,Central,68,Female,29-01-2022,fryedeborah@miranda.biz
83,Juan Harper,North,41,Male,08-03-2021,davisfrank@chandler.org
84,Christian Lee,South,29,Male,26-12-2021,srobinson@hotmail.com
85,Thomas Young,East,29,Male,22-01-2021,prattjames@kirby.com
86,Ruben Simmons,East,50,Female,02-12-2022,esmith@beck.com
87,Marcus Lucas,West,65,Male,19-05-2021,andrea55@yahoo.com
88,Jodi Velazquez,North,47,Male,01-05-2024,bperry@valenzuela.info
89,Timothy Fernandez,West,57,Male,18-07-2022,leah57@gmail.com
90,Karen Luna,West,35,Male,10-07-2024,hherrera@hotmail.com
91,Matthew Hamilton,Central,24,Male,30-01-2020,villegastammy@banks.com
92,Pamela Gordon,North,51,Male,03-05-2020,donna90@hotmail.com
93,Dean Rogers,South,51,Female,12-08-2022,beckersarah@hotmail.com
94,Michael Tran,West,52,Female,08-05-2021,marshallstephen@yahoo.com
95,David Hill,West,68,Female,16-12-2020,smithcaroline@richards.com
96,Seth Santiago,West,28,Female,18-11-2023,rileyerica@davis.info
97,Jennifer Campbell,West,55,Male,03-09-2022,joshua89@gmail.com
98,Jason Brown,Central,46,Male,12-12-2023,jessicagrant@gmail.com
99,Richard Roman,East,54,Male,29-05-2020,lauren01@johnson-jacobs.biz
100,Melanie Hill,North,26,Male,05-12-2022,fwilliams@barber.com
101,Kayla Copeland,West,57,Female,21-06-2023,hstephenson@hotmail.com
102,Traci Williams,East,62,Male,11-05-2021,gary28@davidson.com
103,Christopher Simon,South,59,Male,05-09-2022,jamessherri@johnson.com
104,Amy Roach,South,32,Male,03-11-2023,dgarcia@smith-larson.com
105,Carolyn Harris,North,48,Male,24-05-2023,zball@smith.com
106,Madison Evans,South,51,Female,27-01-2021,connorsherman@gmail.com
107,Raymond Griffin,East,67,Male,15-10-2021,yrodriguez@gmail.com
108,Sharon Underwood,East,62,Female,17-05-2024,nicholasball@flowers.com
109,Jessica Brown,West,42,Male,16-10-2021,colleenkrueger@santiago.com
110,Janice Salazar,West,44,Male,20-01-2020,flindsey@dominguez.com
111,Susan Fields,Central,45,Female,08-12-2022,joseph00@allen.com
112,Diana Jones,West,22,Female,23-09-2024,christopherlopez@pruitt.com
113,Christina Boyd,Central,27,Male,27-04-2021,mullinsjessica@gmail.com
114,Daniel Perez,East,45,Female,20-09-2020,wilcoxpeter@yahoo.com
115,Tamara Jones,East,46,Female,04-10-2022,walkercynthia@king.com
116,Samantha Hood,East,66,Female,16-08-2023,jody03@bell.info
117,Tamara Pennington,South,63,Male,18-03-2023,kevin50@johnson-guzman.com
118,Donald Brown,East,49,Male,28-10-2020,bsmith@ayala.com
119,Adam Valencia,North,42,Male,14-12-2023,christopherthompson@hotmail.com
120,Mr. Gerald Carter,West,39,Male,20-09-2021,tlewis@gmail.com
121,Michelle Johnson,East,18,Male,10-06-2022,shawnwatts@hotmail.com
122,Jacob Proctor,East,36,Female,03-06-2022,brandon66@hotmail.com
123,Jacqueline Cooper,East,65,Male,15-02-2020,robert29@rojas-obrien.com
124,Jennifer Dunlap,Central,32,Female,04-05-2022,ronald48@gmail.com
125,Anna Tanner,East,22,Male,04-12-2022,danielsutton@hammond-foster.com
126,John Flores,North,44,Male,27-11-2020,ufranco@hotmail.com
127,Joshua Cortez,South,42,Male,14-01-2022,ymorrow@clay.com
128,Natalie Mccarthy,West,50,Male,23-10-2020,charles81@yahoo.com
129,Calvin Garcia,West,37,Female,13-07-2021,karenberger@yahoo.com
130,Christopher Lawrence,East,22,Male,29-05-2020,asantana@drake-hoffman.com
131,David Newton,South,58,Female,26-02-2021,sosalisa@gmail.com
132,Robert Allen,South,20,Male,15-08-2021,kenneth63@gmail.com
133,Calvin Walker,South,28,Male,07-01-2021,bradley37@yahoo.com
134,Brandon Wood,South,29,Female,24-10-2024,david26@gmail.com
135,Rita King,South,56,Male,02-02-2023,meganmccarthy@evans.info
136,Lance Williams,Central,45,Male,04-12-2023,anthony16@weaver-brown.biz
137,Joseph Patel,North,48,Female,12-09-2023,ychen@gmail.com
138,Jonathan Lawrence,South,49,Male,09-07-2020,jmoore@townsend.com
139,Bradley Fernandez,West,62,Female,03-05-2020,janet47@austin-scott.com
140,Lynn Villegas,Central,39,Female,11-05-2021,johnsoncatherine@munoz-bennett.biz
141,Ashley Perry,Central,49,Female,18-07-2020,chahn@sanchez.com
142,Susan Jones,North,60,Female,08-04-2020,ipotts@hotmail.com
143,Michael Hawkins,North,21,Female,29-01-2023,ashleysmith@rowland.com
144,Cody Thomas,North,24,Female,07-06-2023,christopherconley@hotmail.com
145,Daniel Allen,West,38,Female,02-01-2021,debbieharrison@schmidt-johnston.com
146,Tiffany Roth,West,41,Male,02-12-2020,reneemccormick@jordan.org
147,Trevor Wilson,North,57,Male,02-03-2022,dillonsantos@gmail.com
148,Dana Young,South,33,Male,26-10-2024,ryan79@diaz.info
149,Sandra Lane,East,28,Female,31-12-2021,thomastrevor@morris.biz
150,Jennifer Estrada,West,49,Female,27-08-2023,ricky85@gmail.com
151,David Page,South,60,Female,08-06-2021,marshallsamantha@yahoo.com
152,Leah Donaldson,South,24,Male,06-05-2020,joshua14@smith.com
153,Jesse Moore,Central,24,Female,30-03-2023,ravenwilson@williams-hancock.com
154,Dale Martin,North,50,Male,18-06-2020,ccastro@yahoo.com
155,Theresa Johnson,East,50,Female,23-06-2020,ywilliams@santiago-walters.net
156,Victor Osborn,East,53,Female,12-03-2023,awilliams@hotmail.com
157,Edwin Smith,East,42,Male,15-09-2022,rday@gmail.com
158,Roy Bush,West,46,Female,30-10-2023,iparker@hotmail.com
159,Linda Miller,West,54,Female,23-03-2022,tgibbs@baker.com
160,Yvette Henry,East,38,Female,05-07-2020,levinemichael@hotmail.com
161,Alex Martin,West,56,Male,26-05-2024,goodmanbilly@riggs.com
162,Melanie Pollard,West,59,Male,04-05-2021,fholland@barnes.com
163,Chelsea Lopez,West,37,Female,03-11-2021,jonathan30@hotmail.com
164,Kathryn Graves,West,51,Male,16-04-2022,mark38@wilson-jackson.com
165,Nicole Hurley,South,32,Female,17-03-2024,smithabigail@gmail.com
166,Cheryl Collins,North,45,Male,15-02-2022,clarkapril@gmail.com
167,Anna Evans,Central,23,Male,10-10-2020,travishill@gmail.com
168,Christina Huffman,East,51,Male,13-05-2024,zjensen@yahoo.com
169,Susan Li,East,40,Female,13-08-2024,amandaortiz@yahoo.com
170,Sheryl Rose,North,33,Female,25-11-2022,nielsenleon@hotmail.com
171,Donald Smith,South,29,Female,28-02-2022,johnsondavid@boyd.net
172,Victor Jackson,South,52,Female,15-10-2023,gloria78@ellis.com
173,Jennifer Park,South,49,Male,20-06-2020,hberry@gmail.com
174,Mary Ross,West,35,Female,07-11-2022,dylanoconnell@gmail.com
175,Jasmine Hamilton,West,48,Female,13-05-2023,josephtodd@gmail.com
176,Joel Allen,Central,19,Female,15-02-2020,monica09@chapman.org
177,Cassandra Wright,East,45,Male,19-06-2020,broberts@hotmail.com
178,Kimberly Mitchell,South,32,Female,15-12-2022,matthewstimothy@johnson-cain.com
179,Lisa Johnson,North,36,Male,16-02-2024,wrightrobert@scott.com
180,Dr. Mary Larson,Central,42,Male,27-02-2024,matthewwise@hill.com
181,Robert Mason,East,22,Male,02-03-2022,barnesstephanie@gmail.com
182,Stephen Hoffman,South,44,Female,03-08-2020,jodi08@gmail.com
183,Ryan Martinez,West,23,Male,18-09-2023,jcook@gmail.com
184,Jonathan Sanford,East,60,Female,06-08-2022,brian36@gmail.com
185,Angela Gregory,North,40,Male,23-09-2020,howardlori@pearson.com
186,Chase Ross,Central,43,Male,29-03-2023,kristen36@vasquez-sandoval.com
187,Justin Pace,Central,39,Female,16-11-2020,patriciamurphy@lewis.com
188,Matthew Gonzalez,West,67,Male,27-01-2024,colleen26@franklin.biz
189,Carlos Bright,East,54,Male,11-07-2021,april51@yahoo.com
190,Jessica Flores,East,60,Male,01-07-2020,jeffreyjackson@cooper-harris.org
191,Deanna Suarez,East,21,Male,23-06-2024,nicholas58@harris-nicholson.biz
192,Aaron Wright,South,21,Male,09-04-2024,fmitchell@yahoo.com
193,Paul Conner,East,39,Male,31-01-2024,belljennifer@gmail.com
194,Troy Peterson,West,28,Female,01-11-2023,charlesbarnes@hotmail.com
195,Chelsea Pierce,Central,53,Female,29-09-2023,zdiaz@gmail.com
196,Daniel Mcgee,South,56,Female,27-03-2023,sandravaldez@clark.com
197,Mr. Adam Flores,North,58,Male,25-09-2021,calvin79@hotmail.com
198,Jessica Cherry,North,50,Female,21-08-2024,levydylan@dunn.com
199,Bianca Olson,East,45,Female,11-04-2020,lfrench@walter.org
200,Melissa Bonilla,South,54,Male,28-12-2022,jose47@smith-martin.com
201,Caroline Miller,South,23,Male,01-02-2024,greese@yahoo.com
202,Corey Williams,East,45,Male,03-06-2023,moonrobert@bates.info
203,Jordan Harper,North,65,Female,01-04-2024,cindy57@davis.org
204,Angela Watson,North,31,Male,24-11-2021,riossteven@gmail.com
205,James Johnson Jr.,South,45,Male,14-04-2020,cassandra82@perkins.com
206,April Miller,North,42,Male,11-05-2020,matthewjacobs@gmail.com
207,Alexandra Moore,East,52,Male,27-11-2020,shannongomez@anderson.com
208,Louis Mathews,Central,67,Female,16-10-2023,wschmidt@cortez.com
209,Charles Schneider,West,48,Male,14-08-2020,kelly02@gibbs.org
210,Ashley Green,West,68,Female,23-04-2020,manueljohnson@gmail.com
211,Vanessa Foster,North,42,Male,14-06-2023,julie97@gmail.com
212,Lori Herman,East,65,Female,21-03-2024,david58@gmail.com
213,Joseph Sosa,East,38,Female,24-11-2020,ewilson@james-jones.com
214,Larry Chambers,East,66,Female,20-12-2020,ccalderon@levine.biz
215,Noah Brown,West,49,Male,14-07-2024,nicholas03@yahoo.com
216,Kayla Cox,Central,48,Female,14-05-2022,dawnford@davis-gonzalez.com
217,Sarah Erickson,West,39,Female,12-04-2023,goodmanerica@yahoo.com
218,Michael Perez,Central,32,Male,13-02-2022,sroberson@pena-martin.info
219,Mary Tapia,West,36,Female,26-09-2020,qgarcia@yahoo.com
220,Stephanie Smith,South,63,Female,28-09-2024,ngregory@eaton-dean.org
221,Leslie Logan,North,53,Male,16-09-2021,brittany48@estrada-campbell.info
222,Sarah Romero,South,68,Male,02-04-2020,dalton46@tucker.biz
223,Mrs. Chelsea Smith,West,59,Male,21-01-2020,bakerstacey@gmail.com
224,Logan Price,Central,52,Female,01-10-2023,teresa75@hotmail.com
225,David Grimes,Central,66,Female,28-12-2021,madison78@hotmail.com
226,Mrs. Pamela Garrett,South,34,Female,17-04-2024,brockjeffrey@hotmail.com
227,Bridget Newton,East,19,Male,18-05-2021,woodardkimberly@miller.biz
228,Sherry Brown,East,59,Female,07-06-2022,edean@moody.com
229,Joel Peterson,East,63,Female,26-05-2020,molinarussell@yahoo.com
230,Brian Nguyen,West,29,Male,30-07-2020,amber61@gmail.com
231,Justin Martinez,North,53,Male,25-03-2024,ymurphy@stephens.com
232,Benjamin Snyder,East,67,Female,15-01-2022,chughes@hotmail.com
233,Edward Boone,South,56,Male,10-03-2020,richardsphillip@yahoo.com
234,Shannon Johnson,South,34,Female,29-12-2020,stephanie54@hotmail.com
235,Clinton Moore,South,21,Male,03-10-2020,williamscarolyn@clark.com
236,Joe Preston,East,38,Male,16-09-2024,robertthomas@singh-larson.org
237,Scott Collins,North,33,Female,29-06-2020,eric72@ho.com
238,Michael Banks,West,23,Male,17-06-2020,lewisallen@gmail.com
239,Haley Jordan,West,37,Male,10-09-2023,amy92@davis.org
240,Jordan Nelson,South,55,Female,13-03-2022,daniel45@snyder.com
241,Zoe Munoz,South,21,Male,15-04-2024,fmckenzie@yahoo.com
242,Andrew Arnold,West,64,Male,18-05-2021,alexramos@hotmail.com
243,Emily Watson,South,46,Male,26-01-2020,mariahicks@smith.net
244,Keith Smith,North,63,Female,01-03-2024,mrodriguez@sanders.com
245,Linda Johnson,North,66,Female,11-04-2024,savannah71@strong-douglas.org
246,Jesse Cox,West,45,Male,01-08-2020,andersoncarolyn@king.info
247,Lindsay White,East,65,Male,21-11-2021,daniel72@carroll.com
248,Jessica Davis,South,52,Male,12-08-2023,jordanwebb@mcgrath.biz
249,Diana Ramirez,Central,56,Male,01-06-2021,amandaharris@hotmail.com
250,Lawrence Ball,North,23,Male,15-02-2023,rogerlamb@hotmail.com
251,Jessica Hamilton,West,47,Male,13-10-2021,mwade@gmail.com
252,Robert Gonzales,West,36,Female,28-08-2024,nbarton@hotmail.com
253,Tiffany Short,West,48,Female,01-06-2023,larsonvictor@yahoo.com
254,Adam Wright,Central,51,Female,01-06-2021,sarcher@yahoo.com
255,Amber Mann DVM,Central,25,Male,05-08-2021,peterdavis@harris-ramirez.com
256,Lisa Payne,North,22,Male,12-01-2022,bondrichard@garcia.com
257,Luke Lawson,Central,58,Male,16-06-2022,maryshaw@cannon-barnes.com
258,Evan Wagner,West,51,Female,23-01-2023,stewartjoe@yahoo.com
259,Nicholas Nichols,South,67,Female,24-03-2023,calvindawson@hotmail.com
260,Robert Ward,West,39,Male,25-02-2021,ayoung@taylor.info
261,Tammy Gomez,Central,30,Male,11-01-2021,lshea@skinner-martinez.com
262,Andrew Frank,West,36,Male,06-07-2022,efletcher@yahoo.com
263,Erica Sellers,East,25,Male,30-03-2022,rmathews@morrow.net
264,Nathan Cook,South,48,Female,25-03-2023,estradajohn@hotmail.com
265,Brandon Collins,North,21,Male,02-02-2021,edward47@hotmail.com
266,Debra Marshall,East,62,Male,23-05-2024,jarnold@hotmail.com
267,Tina Miller,East,57,Female,10-08-2024,hblack@hotmail.com
268,Joshua Singleton,Central,30,Female,29-10-2022,laura97@matthews.biz
269,Hayley Mcdonald,West,19,Male,26-04-2023,smendoza@hotmail.com
270,Kyle Moore,West,18,Female,14-08-2023,perezwalter@gmail.com
271,Katherine Bowman,North,37,Female,21-08-2020,smiller@yahoo.com
272,Charles Anthony,North,60,Female,14-06-2020,abowen@gmail.com
273,Mr. Ryan Pitts,West,69,Female,26-03-2020,robertbradshaw@ruiz-wilson.com
274,Julie Elliott,North,66,Male,18-01-2023,lisa10@williams-phillips.com
275,Sabrina Gibson,Central,56,Male,07-09-2021,nathan57@hotmail.com
276,Javier Ochoa,East,47,Male,09-10-2023,oshepherd@hotmail.com
277,Yolanda White,South,65,Female,06-10-2021,millsrandy@gmail.com
278,Lindsay Foster,East,43,Female,01-05-2022,zacharyedwards@hotmail.com
279,Joshua Kelley,South,56,Male,27-08-2023,annebrowning@gmail.com
280,George Reynolds,North,67,Male,27-03-2022,smayer@hotmail.com
281,Lisa Mitchell,South,43,Male,23-04-2023,haynessonia@vega.com
282,Timothy Howell,Central,51,Male,13-05-2022,nle@yahoo.com
283,Michael Payne,East,25,Female,08-05-2021,dicksonolivia@bauer.com
284,Ronald Bishop,Central,22,Male,25-02-2024,grobinson@cook.org
285,Olivia Jackson,East,50,Male,17-07-2024,sandra63@gmail.com
286,Rachel Roach,East,33,Male,27-10-2022,john24@mata.com
287,Steven Allen,West,53,Male,11-10-2021,adamscourtney@yahoo.com
288,Amy Bennett,North,23,Female,05-03-2022,lindabean@yahoo.com
289,Don Reyes,East,31,Male,23-09-2023,normanfrancis@hotmail.com
290,Carol Fisher,North,59,Female,05-11-2021,snowlaura@gmail.com
291,Gary Peterson,West,21,Female,03-08-2022,martinshawna@gmail.com
292,Joshua Thompson,Central,56,Male,17-06-2022,tdavis@hotmail.com
293,Amanda Gardner,Central,44,Female,13-06-2022,snowdaniel@yahoo.com
294,Morgan Hamilton,Central,43,Female,03-03-2021,davidmanning@terry.biz
295,Walter Zuniga,South,38,Female,05-07-2024,brooksjames@gmail.com
296,Kelly Williams,North,30,Male,16-02-2021,bjames@hotmail.com
297,Lauren Le,South,27,Female,05-12-2022,lisalawson@price.com
298,Jon Johnson,Central,21,Female,24-01-2024,andrewgillespie@hernandez-thompson.org
299,Brian Cantrell,East,69,Male,13-01-2021,johnsilva@hotmail.com
300,Tina Obrien,West,20,Male,31-05-2022,zsims@lynch.org
301,Andrew Hudson Jr.,North,28,Male,04-02-2023,nicholaspratt@gmail.com
302,Bethany Cervantes,West,33,Female,07-06-2024,diana91@hotmail.com
303,Amy Meyer,West,52,Male,20-08-2021,popealexander@hotmail.com
304,Renee Davis,West,26,Male,06-07-2021,dmorton@yahoo.com
305,Brittany Walker,North,37,Male,22-04-2022,odavis@yahoo.com
306,Philip Meyers,West,56,Male,03-06-2021,bowenbarbara@gmail.com
307,Theresa Edwards,South,20,Male,10-06-2021,lisa62@farmer.com
308,Christopher Schmitt,North,21,Male,06-06-2024,tiffanyschroeder@hotmail.com
309,Carrie Rowe,West,35,Female,23-04-2020,ayalamichael@stark-taylor.net
310,Timothy Higgins,North,58,Female,21-02-2020,dramos@yahoo.com
311,Sarah Ryan,East,36,Female,26-05-2024,todd87@hester-curtis.com
312,Brandon Smith,Central,44,Female,17-05-2022,tcooley@morales-christensen.com
313,Toni Sullivan,Central,18,Female,19-02-2020,nataliewiley@yahoo.com
314,Douglas Kelly,West,23,Male,25-04-2024,lschmidt@yahoo.com
315,Adrian Sims,West,58,Female,25-04-2023,thompsonjill@yahoo.com
316,Joseph Lawrence,South,62,Female,01-07-2022,danielthomas@rios-park.com
317,Diane Baker,East,30,Female,23-01-2023,xjackson@jordan.com
318,Joy Lee,West,67,Male,05-02-2024,etaylor@foster.com
319,Lindsay Hall,West,54,Male,17-06-2020,angelacurtis@hotmail.com
320,Bryan Higgins,Central,23,Female,03-07-2023,tim46@sanchez.info
321,Sarah Douglas,West,45,Male,02-07-2020,brivers@watts.biz
322,Michelle Hart,South,37,Male,27-09-2024,kathy75@cole.com
323,Aaron Thomas,North,40,Female,08-06-2022,qbrown@yates.com
324,Gregory Mills,East,32,Male,10-01-2024,johnsonstephanie@miller.com
325,Manuel Patrick,East,50,Female,01-07-2024,snyderjames@munoz-wallace.com
326,Matthew Walker,East,35,Male,04-01-2020,sdrake@gmail.com
327,Jonathan Wilson,South,58,Male,13-07-2022,johnhernandez@williams.biz
328,Stephanie Norris,West,43,Female,21-03-2021,amandawhite@cunningham-snyder.org
329,Mark Christian,East,59,Female,22-06-2020,toddthompson@walker.org
330,Dana Mccullough,South,29,Male,25-01-2020,johnsonchristian@hawkins-baxter.com
331,Ronald Gill,East,47,Female,23-09-2020,lindacarter@patel.com
332,Joshua Carroll,East,26,Male,15-11-2023,erik37@shaw.com
333,Donna Andrews,Central,37,Male,04-11-2021,bcarson@gmail.com
334,Erin Shepherd,South,64,Male,24-05-2023,millerrobert@nelson.com
335,John Lane,West,39,Male,27-04-2022,ffowler@martinez-hall.com
336,Edwin Barnes,North,63,Female,03-09-2022,mark38@johnson-turner.com
337,Andrew Davies,West,20,Male,25-04-2021,michael59@gmail.com
338,Michelle Campbell,West,49,Male,16-01-2024,sandersbrittany@stuart.biz
339,Michael Chang,West,18,Female,03-05-2023,gomeznancy@yahoo.com
340,Shannon Burke,West,59,Male,26-01-2023,josephtran@cochran.net
341,John Esparza,East,49,Male,20-04-2024,brianbutler@gmail.com
342,Raymond Rodriguez,West,64,Female,11-04-2024,paulmartinez@lucas.biz
343,Tammy Obrien,South,64,Male,24-04-2023,jenna36@gordon.biz
344,Joseph Hernandez,North,27,Female,21-05-2023,richard22@dean.org
345,Sarah Cummings,North,27,Male,23-05-2024,richardcooper@gmail.com
346,Austin Bell,Central,58,Female,08-04-2022,steven64@hotmail.com
347,Daniel Hughes,North,44,Female,04-10-2020,priceashley@hill-cain.biz
348,Robert Clark,East,22,Female,19-04-2024,dstuart@lee.com
349,Gabriel Coleman,East,30,Female,06-06-2021,yatesrobert@yahoo.com
350,Melissa Turner,Central,28,Female,27-11-2023,cherylfrank@hotmail.com
351,David Zamora V,East,64,Female,20-12-2022,cassieharrison@hernandez.net
352,Tony Vargas,East,52,Female,07-04-2024,qmejia@lewis.org
353,Virginia Hart,North,67,Male,17-09-2020,grayandrea@robinson.biz
354,Christopher Ryan,East,52,Female,17-05-2020,donald99@cook.com
355,Thomas Bush,Central,36,Female,09-02-2020,pbarrett@serrano-meza.com
356,Justin Moreno,East,35,Female,29-10-2022,johnnguyen@wyatt-thomas.com
357,Shannon Ramirez,Central,35,Female,19-05-2022,aguilarpamela@hotmail.com
358,David Clay,Central,54,Male,16-12-2021,cruztimothy@mathews.com
359,Erika Rhodes,South,53,Female,09-02-2021,jennifer46@yahoo.com
360,Kara Cobb,South,20,Male,11-01-2022,deanwilson@fields.org
361,Heather Martinez,East,52,Female,08-02-2024,qwhitehead@cox-padilla.net
362,Hector King,Central,68,Female,23-02-2021,gnelson@green.com
363,Dale Black,Central,33,Female,08-11-2021,joshua51@vargas.info
364,Joseph Johnson,South,67,Male,04-11-2024,shahcorey@gmail.com
365,David Shaw,East,38,Female,04-01-2024,suzanne84@yahoo.com
366,Shane Clarke,North,64,Female,23-10-2020,awalker@gmail.com
367,Dwayne Arellano,East,32,Male,21-01-2021,yphillips@yahoo.com
368,Jack Wheeler,Central,58,Male,03-01-2024,fphelps@hotmail.com
369,Amy Gonzalez,Central,35,Male,07-10-2022,theodore83@yahoo.com
370,Christine Knox,East,53,Female,15-01-2024,kathleenweaver@hotmail.com
371,Jennifer Cole,North,49,Male,01-11-2020,janice50@phillips-drake.com
372,Whitney Daniels,Central,50,Female,28-07-2024,bradley77@gmail.com
373,Robert Barrera,Central,27,Female,04-03-2021,frank97@hotmail.com
374,Jennifer Castro,East,46,Female,14-04-2022,masonamanda@yahoo.com
375,Matthew Ibarra,South,23,Female,11-10-2024,mckinneyamber@yahoo.com
376,Kristen Rodriguez,South,31,Female,21-12-2023,matthewgarcia@yahoo.com
377,Dr. Colton Schneider DDS,North,66,Female,17-02-2023,sherri96@gmail.com
378,Katherine Snyder,West,31,Female,26-08-2021,matthew48@gmail.com
379,Mary Johnson,West,44,Female,15-11-2021,matalarry@white-gallagher.net
380,Desiree Ross,East,26,Male,14-05-2024,kevin38@eaton.com
381,Alan Choi,Central,26,Female,14-06-2020,gabriellebaker@romero.com
382,Mrs. Abigail Cardenas,West,32,Female,07-09-2024,shannon70@gmail.com
383,Karen Irwin,West,18,Male,28-12-2020,vliu@yahoo.com
384,Veronica Moreno,West,39,Male,19-02-2022,katherine30@yahoo.com
385,Joshua Ryan,Central,45,Male,01-05-2024,flove@gmail.com
386,Tara Bentley,East,61,Male,29-04-2022,jacobcarter@henry.net
387,Patrick Ramos,South,26,Male,30-04-2021,daltonalvarez@gonzalez.com
388,Todd Garcia,South,29,Male,24-01-2023,jodisavage@yahoo.com
389,Cody Figueroa,Central,52,Male,08-10-2023,idavis@smith-huff.com
390,Kelly Smith,Central,31,Male,18-09-2021,angel59@lee.com
391,Phyllis Bennett,South,61,Female,17-09-2021,carlsonmatthew@gmail.com
392,Kristen Barajas,East,29,Female,03-03-2021,vanessa08@benson.info
393,Kenneth Stone,South,20,Female,20-04-2022,lopezmichael@bentley-harris.com
394,Lori Roberts,East,35,Female,09-01-2020,carrie31@gmail.com
395,Alejandra Walton,North,61,Male,28-02-2021,ramirezandrew@yahoo.com
396,Austin Montes,Central,20,Female,08-08-2024,dhawkins@hotmail.com
397,Robert Evans,East,31,Female,29-01-2024,yarnold@gmail.com
398,Katie Hawkins,West,36,Female,09-08-2020,elittle@yahoo.com
399,Jason Fletcher,West,53,Female,01-07-2020,kevinbrown@hotmail.com
400,Michelle Smith,Central,66,Male,04-02-2021,anthonycontreras@palmer.com
401,Jordan Larson,Central,28,Male,12-08-2020,jmiller@faulkner.com
402,Eric Ford,North,46,Male,01-05-2022,hernandezjulia@gmail.com
403,John Weaver,East,24,Female,12-03-2024,aaron76@wright-ford.net
404,Nancy Schneider,South,45,Female,19-08-2022,markbradley@vaughan-carrillo.com
405,Sheri Nelson,Central,65,Male,04-10-2020,anthonyhall@miranda.biz
406,Tammy Harvey,South,30,Female,26-02-2024,millernathaniel@smith.org
407,James Collins,East,32,Male,08-01-2023,rli@schmidt.com
408,Alan Parks,Central,66,Female,09-07-2022,gallegoschristopher@yahoo.com
409,Brian Higgins,South,48,Male,26-04-2022,erin90@smith-martinez.com
410,Lauren Burton,West,28,Male,25-09-2023,guzmanmary@hotmail.com
411,Shelby Farmer,West,52,Male,10-04-2021,wanderson@yahoo.com
412,Nicholas Estrada,South,30,Female,06-12-2020,lharris@norton.com
413,Donald Green,East,29,Male,10-10-2020,kowen@barnett.com
414,Michael Miles,North,59,Female,06-04-2024,tammygrimes@phillips-barnes.biz
415,Amber Tran,South,55,Female,15-09-2023,adamsmargaret@morales-martin.com
416,Ronald Hawkins,Central,24,Female,06-05-2023,aaronevans@howell.com
417,Jeremy Spencer,West,26,Male,08-01-2023,dianahughes@hotmail.com
418,Michelle Dawson,North,32,Female,27-09-2020,alexandra37@bailey.info
419,Jordan Berry,Central,65,Female,13-02-2023,oramos@cuevas.com
420,James Gonzalez,East,35,Male,25-06-2024,aquinn@yahoo.com
421,Mary Sullivan,Central,31,Male,05-02-2023,arogers@hotmail.com
422,Kerry Harris,North,64,Female,18-05-2021,erica87@johnson-mills.com
423,Cheyenne Ferguson,West,50,Male,13-09-2022,nicholsondana@long.com
424,Thomas Sanchez,South,27,Male,02-10-2022,rthompson@gmail.com
425,James Garcia,West,62,Female,29-02-2024,shawn47@gmail.com
426,Kevin Garcia,South,53,Male,31-10-2023,hancockallen@gordon.org
427,Tina Chapman,North,69,Male,27-08-2020,dwilliams@yahoo.com
428,Jose Mcdaniel,West,37,Male,22-02-2023,cartertodd@parker.com
429,David Martinez,South,39,Male,05-07-2021,zlittle@acosta-ponce.com
430,Emily Frazier,North,51,Male,18-10-2023,tylerflores@hotmail.com
431,William Salazar,West,20,Female,19-06-2022,gespinoza@gmail.com
432,Christian Martin,East,28,Female,11-01-2023,mwilliams@moyer-hawkins.com
433,Angela Morgan,South,61,Female,16-08-2024,bethsmith@smith-bates.net
434,Juan Griffin,South,36,Female,15-09-2022,anthony84@murphy-calderon.com
435,Judy Garcia DDS,West,62,Female,24-03-2020,marthavazquez@yahoo.com
436,Lauren Castillo,East,59,Female,11-11-2021,hillrobert@lewis.biz
437,John Brown,South,49,Female,21-01-2022,hancockjillian@oliver.com
438,Amy Sanchez,West,43,Female,14-02-2023,michellemoreno@yahoo.com
439,Lisa Salazar,West,67,Male,03-02-2020,karen50@yahoo.com
440,Michael Fisher,West,47,Female,12-02-2021,jonathanpreston@drake.com
441,Jon Harris,South,29,Female,21-12-2021,rebecca15@hotmail.com
442,Jessica Garcia,West,37,Female,03-10-2024,cheryl34@blackwell-ramirez.com
443,Edward Lopez,South,23,Female,11-03-2023,james19@lopez.biz
444,Lisa Stevens,North,33,Female,09-02-2020,mary39@gmail.com
445,Dr. Kathryn Jacobs,West,62,Male,07-04-2021,calvin72@gmail.com
446,Christopher Pugh,West,24,Female,02-02-2021,geoffreybaker@mcintosh-ray.biz
447,Melissa Tucker,North,19,Female,15-03-2022,brownwendy@gmail.com
448,Dalton Randall,North,63,Male,29-09-2023,tim17@hotmail.com
449,Mackenzie Bowman,West,68,Female,06-01-2023,erica65@yahoo.com
450,Megan Trevino,West,19,Female,26-07-2022,barrettbruce@banks-castillo.com
451,Ronald West,Central,46,Male,26-07-2020,mary26@russell-sanchez.org
452,Jennifer Morgan,East,69,Male,28-05-2022,faustin@hotmail.com
453,Michael Hays,Central,64,Female,16-01-2021,sergiojordan@gmail.com
454,Jennifer Alvarez,Central,67,Male,07-11-2023,louis64@yahoo.com
455,Melvin Glover,Central,31,Male,20-11-2023,wguerrero@khan-davidson.com
456,Valerie Mays,West,50,Male,06-04-2020,lauren83@yahoo.com
457,Trevor Snyder,Central,26,Male,25-06-2020,gilbert38@hotmail.com
458,Dr. Justin Hale,West,35,Female,09-10-2020,anthonybranch@reeves.com
459,Martin King,North,56,Male,02-05-2022,jamescarpenter@hotmail.com
460,Jason Owen,North,56,Male,24-12-2021,hughescharles@gmail.com
461,John Howard,North,40,Female,24-09-2024,parkeramber@yahoo.com
462,Nicole Alvarez,North,52,Male,13-11-2022,estephenson@glover-little.com
463,Jonathan Washington,East,43,Male,15-06-2022,michealhorne@gmail.com
464,Benjamin Gates,Central,39,Female,12-10-2022,terickson@frank-avila.com
465,Jeffrey Strickland,West,69,Female,07-12-2023,kevinstewart@yahoo.com
466,Christine Mcbride,South,30,Male,04-02-2022,kathy05@gmail.com
467,David Williams PhD,South,55,Female,16-04-2021,conniegalvan@hotmail.com
468,David Robinson,East,24,Male,13-07-2023,pphillips@hotmail.com
469,Kelly Lopez,Central,21,Male,12-03-2020,kathleen39@yahoo.com
470,Robert Allen,Central,48,Female,20-08-2023,iperry@yahoo.com
471,Shane Bradley,East,23,Female,22-10-2022,isaiahmolina@gmail.com
472,Timothy Turner,East,49,Female,11-11-2021,stevenblake@hotmail.com
473,Julie Griffith,South,59,Female,26-03-2020,mark69@hotmail.com
474,Erin Mccarty,Central,56,Female,01-02-2024,amber19@welch-fox.com
475,Sara Johnson,South,38,Male,02-02-2020,clarkedavid@yahoo.com
476,Cody Kelley,East,59,Male,03-11-2021,ryanjohnson@davidson.biz
477,Ryan Mckay,South,29,Male,02-10-2022,lisa18@yahoo.com
478,Thomas Martinez,East,64,Male,17-04-2024,perrywhite@little.com
479,Edward Poole,Central,46,Female,13-01-2023,mcdonaldlisa@gmail.com
480,Robert Wilson,South,22,Male,02-10-2020,chambersstephanie@hotmail.com
481,Benjamin Porter,Central,20,Male,04-04-2022,nicole33@miller.com
482,Craig Kennedy,West,64,Male,25-01-2021,yallen@gmail.com
483,Amanda Phillips,North,54,Female,12-05-2020,jack30@page.net
484,Joel Richardson,East,52,Female,16-07-2021,troypearson@hotmail.com
485,Christina Stewart,Central,51,Female,07-03-2024,karahernandez@sandoval.net
486,Sandra Lewis,North,22,Male,04-10-2022,jeffrey22@hotmail.com
487,Amber Gentry,South,47,Male,26-07-2022,willieschroeder@gmail.com
488,Katrina Smith,North,55,Male,19-08-2022,wilsonjason@moses-hicks.org
489,Amber Lopez,East,33,Female,22-06-2023,brianjones@yahoo.com
490,Brittany Hubbard,East,64,Male,27-09-2024,kyle51@yahoo.com
491,Christopher Reyes,North,33,Female,12-08-2022,jamesbauer@yahoo.com
492,William Hess,West,21,Male,21-06-2021,tbeasley@rubio.com
493,Destiny Martin,North,24,Female,16-02-2024,lukesmith@sexton-robles.biz
494,Rachel Leon,North,68,Female,04-04-2023,wwilliams@cherry-stephens.biz
495,Taylor Hernandez,East,19,Male,01-06-2022,jsingh@yahoo.com
496,Jack Phillips,East,68,Male,16-10-2023,mjackson@lester-wolf.biz
497,Sarah Perez,West,33,Female,03-03-2023,franklinmichael@andrews.com
498,Shelby Marshall,South,61,Male,23-02-2024,stevensryan@kelly.net
499,Shannon Carter,Central,22,Female,22-02-2023,friddle@pace-glover.com
500,Lisa Wiggins,South,39,Female,27-09-2023,michelle15@yahoo.com
501,Kristen Sullivan,East,49,Female,21-04-2023,mariocollier@howard.com
502,Larry Brown,North,24,Female,30-01-2021,robertescobar@gmail.com
503,Tina Chambers,West,67,Male,10-09-2022,marie64@gmail.com
504,Debra Lee,Central,35,Male,08-11-2022,smithkaren@fisher.com
505,Ronald Anderson,Central,45,Female,06-08-2023,johnsonivan@love-mitchell.org
506,Allison Glenn,Central,42,Female,26-04-2021,judylyons@wilson.com
507,Mrs. Victoria Roberts,South,61,Female,25-08-2023,cgibson@price.com
508,George Kidd,South,58,Female,25-07-2020,chrisjackson@higgins.com
509,Kelsey Chapman,East,51,Female,15-05-2023,bradleyanderson@gmail.com
510,Ashley Jordan,Central,24,Female,09-03-2020,cnguyen@gmail.com
511,Karina Gomez,South,19,Male,10-02-2024,wbowman@moyer.biz
512,Alicia Taylor,East,45,Male,25-08-2024,mking@hotmail.com
513,Crystal Williams DDS,North,31,Male,01-11-2022,sdixon@gmail.com
514,Jason Lee,Central,66,Male,17-03-2024,kennedyjames@gmail.com
515,Tiffany Davis,West,19,Female,30-12-2021,fernando53@gmail.com
516,Mr. Carlos Harrell,East,36,Female,19-06-2022,khill@hotmail.com
517,Gina Brown,Central,26,Male,02-09-2020,kristin63@yahoo.com
518,Crystal Moon,East,30,Male,10-04-2020,kimberlyclark@rodriguez-hart.com
519,Aaron Ward,South,64,Male,05-05-2023,sandersdawn@molina.com
520,Amy Duncan,South,47,Female,04-01-2024,smithsara@taylor.com
521,Richard Burns,West,32,Male,28-08-2024,williamhunt@jackson.org
522,Gina Hood,East,36,Male,13-02-2021,mbarnes@orozco-stout.biz
523,Lauren Gardner,West,66,Male,23-11-2021,ryanortiz@cooley.com
524,Tracey Tyler,Central,42,Female,07-04-2024,jeffrey20@taylor.org
525,Jacob Robertson Jr.,Central,61,Male,28-09-2024,dianaelliott@hotmail.com
526,Carl Williams,North,38,Female,04-04-2023,esmith@walker.info
527,Michelle Ross,West,35,Male,09-09-2021,lovekatherine@robbins.com
528,Julie Harris,North,66,Female,29-10-2023,lindamatthews@gmail.com
529,Sean Phillips,Central,57,Female,10-11-2023,brandon02@west.com
530,Alexander Peters,West,62,Male,13-11-2023,joelewis@scott-villa.com
531,Joseph Lutz,North,40,Female,30-03-2023,sharoncrane@powell.info
532,Samuel Delacruz,West,47,Female,13-10-2024,jenniferwilliams@carpenter-bowen.biz
533,Daniel May,Central,43,Female,18-12-2023,james54@ellis.com
534,Brett Solis,West,33,Male,06-03-2022,mwagner@johnson.com
535,Peter Potter,West,32,Female,10-02-2024,seanklein@yahoo.com
536,Joshua Howell,Central,39,Male,10-10-2022,joseph83@yahoo.com
537,Denise Hamilton,South,60,Male,17-04-2024,masonmichelle@murphy.com
538,Sarah Chavez,South,57,Female,11-05-2023,kevingraham@richardson.com
539,Ashley Hensley,North,21,Female,06-10-2024,diana97@yahoo.com
540,Zachary Carlson,Central,68,Female,16-05-2020,fmann@gmail.com
541,Ashley Ho,East,28,Female,02-05-2023,mary84@gmail.com
542,Joshua Hensley,South,69,Male,20-08-2023,matthewbrown@mitchell-robinson.com
543,Billy Allen,South,54,Female,31-01-2021,hernandezjennifer@mcdonald-dominguez.com
544,Lauren Tran,South,36,Male,02-07-2021,karen66@perez.com
545,Sonia Welch,West,50,Female,13-01-2020,carladelacruz@weber-brown.net
546,Jose Jackson,West,44,Male,02-03-2022,salasapril@gmail.com
547,Sharon Murphy,North,57,Male,10-02-2024,samantha92@ray.com
548,Renee Blevins,South,48,Female,04-07-2020,ybarry@gmail.com
549,Andrew Fernandez,Central,42,Male,11-09-2023,robertochavez@hotmail.com
550,Tammy Hicks,Central,28,Male,30-09-2023,muellerrebecca@peterson.com
551,Cynthia Hall,West,42,Male,18-08-2021,kennethtucker@hotmail.com
552,Seth Boyd,Central,32,Male,03-07-2023,ryannatalie@serrano.com
553,Sandra Rojas,North,51,Male,05-06-2022,imoore@gmail.com
554,Mary Berry,West,33,Male,03-05-2022,ramirezjudy@hotmail.com
555,Sharon Vincent,West,24,Female,07-09-2023,jonbrown@hotmail.com
556,Ethan Andrews,South,28,Female,04-01-2022,diazjack@fuller.com
557,Max Mayo,South,41,Female,08-10-2023,chaynes@yahoo.com
558,Ryan Gray,North,52,Male,16-02-2024,zacharyhamilton@garrett.com
559,Stephanie Dunn,Central,48,Female,26-07-2023,ysmith@higgins.com
560,Rose Lopez,East,21,Male,17-09-2023,blaireric@gmail.com
561,Jesse West,North,19,Male,04-06-2021,nelsonvictor@brown.net
562,Danielle Brown,South,65,Female,22-08-2021,danieljohnson@parks.com
563,Timothy Robertson,North,52,Male,20-10-2023,boyerjasmine@gmail.com
564,Erik Compton,South,53,Male,22-12-2020,kristingonzalez@gmail.com
565,Kathleen Wise,North,62,Female,20-08-2021,webbjack@brown.org
566,Angel Hicks,Central,20,Male,27-07-2024,pittmanjesus@gmail.com
567,Alyssa Gilmore,East,53,Female,23-12-2023,alicia35@hotmail.com
568,Wayne Fernandez,Central,31,Male,11-07-2021,freemanlinda@shaw-mccullough.com
569,Denise Ford,West,36,Female,26-01-2024,cjohnson@gmail.com
570,Anthony Martin,Central,20,Male,22-06-2023,torresemily@hotmail.com
571,Cynthia May,South,64,Male,29-09-2021,catherine69@hotmail.com
572,Christopher Rogers,East,53,Female,17-06-2023,oreynolds@butler.com
573,Aaron Johnson,North,33,Male,23-12-2021,hudsonchristina@flores.com
574,Emily Frazier,East,59,Male,24-10-2023,martinezjennifer@yahoo.com
575,Scott Hansen,South,34,Female,13-03-2021,ypatrick@gmail.com
576,Wayne Juarez,Central,36,Male,14-12-2020,jameshicks@gmail.com
577,Brian Marshall,West,69,Female,12-10-2022,qcook@hotmail.com
578,Heather Craig,South,30,Female,08-07-2022,jessica14@alexander.com
579,Erik Morales,East,44,Male,15-02-2020,gchurch@gmail.com
580,Theresa Bass,Central,32,Female,19-04-2023,jacksonanthony@hotmail.com
581,Preston Hall,Central,52,Female,30-09-2023,crystalcasey@gmail.com
582,Holly Brandt,East,51,Male,07-11-2021,hoffmanalbert@yahoo.com
583,Perry Brooks,Central,22,Female,30-08-2023,hamptonfelicia@hotmail.com
584,Lisa Young,East,33,Male,08-10-2023,mullinstraci@ho.com
585,Lisa Mckinney,East,19,Female,23-05-2023,oneillsteven@yahoo.com
586,Lauren King,North,60,Female,04-07-2022,nicole20@werner.com
587,Allison Rodriguez,Central,61,Female,07-10-2022,scoleman@stone.com
588,Raymond Bell Jr.,West,38,Male,26-05-2023,javiergaines@gmail.com
589,John Vasquez,East,59,Male,03-09-2022,anthony68@gmail.com
590,Judy Chung,South,64,Male,14-11-2021,williamsjames@hotmail.com
591,David Crawford,North,52,Male,27-01-2021,asmith@cervantes.com
592,Christopher Banks,North,57,Male,07-11-2023,nenglish@yahoo.com
593,Andrea Morales,East,66,Female,18-11-2023,amber41@yahoo.com
594,Rachel Jones,Central,51,Male,17-01-2020,kathyanthony@lopez.org
595,Daniel Davis,South,32,Female,01-06-2022,hhines@walter.net
596,George Rodriguez MD,South,57,Male,12-12-2023,matajessica@fletcher-king.org
597,Pamela Zamora DDS,North,67,Female,31-03-2021,hperez@yahoo.com
598,Alfred Pierce,East,51,Female,02-06-2021,erica55@gmail.com
599,Dr. Glen Ramsey,North,18,Female,20-04-2023,brettrodriguez@dunn.com
600,Mary Webster,Central,36,Male,05-10-2023,idougherty@garza.com
601,Jenna Lane,East,21,Female,30-11-2021,browntimothy@yahoo.com
602,Kenneth Young,East,19,Male,31-08-2023,jonathanstark@willis.com
603,Robert Fuller,Central,26,Female,10-03-2024,michaellowe@salinas.info
604,James Bennett,East,35,Female,14-09-2022,rodney48@olsen.biz
605,Brent Nielsen,South,61,Male,18-09-2022,treed@peterson-mills.com
606,Allen Lee,West,53,Male,28-05-2022,browndonald@gmail.com
607,Benjamin Farrell,East,38,Male,02-11-2024,anne78@gmail.com
608,Sean Jimenez,Central,59,Male,19-05-2024,davidhayes@brown-hester.com
609,Jeffrey Harris,East,62,Male,19-02-2024,anthony47@davis.info
610,Bryan Matthews,Central,67,Female,24-10-2020,steven40@gmail.com
611,Marcus Thomas,Central,38,Female,09-05-2021,gravesmelissa@cruz.com
612,Adam Burns,East,69,Male,25-04-2021,quinnrobert@moore-fields.biz
613,Benjamin Brown,South,27,Female,09-09-2023,zachary77@hotmail.com
614,Kenneth Mays,South,37,Male,19-01-2023,muelleralexandra@castro.net
615,Christopher Poole,East,63,Female,21-01-2024,robertjacobs@gmail.com
616,James Snyder,East,67,Female,01-06-2020,anthonythomas@duncan.com
617,Kathleen Scott,South,50,Female,03-06-2020,jorgestrickland@gray.com
618,Joseph Clark,West,35,Female,10-12-2021,timothydean@gmail.com
619,Samantha Kennedy,South,35,Male,16-09-2024,yrobinson@yahoo.com
620,Mark Watkins,West,28,Male,24-09-2023,kyle86@scott.com
621,Maria Gutierrez,North,37,Female,23-02-2022,claytonrachel@yahoo.com
622,Luke Kane,South,53,Female,17-12-2022,galvantiffany@frazier-gardner.net
623,Timothy Williams,North,44,Female,12-08-2021,tammyjennings@hotmail.com
624,Richard Martinez,North,29,Female,18-07-2024,mistychung@williams.biz
625,Michael Whitehead,North,22,Male,22-01-2024,cory76@dyer.org
626,Benjamin Perez,North,25,Female,18-05-2023,craigfigueroa@gmail.com
627,Kimberly Roberson,West,44,Male,30-05-2020,hortonmark@hotmail.com
628,Peter Chandler,West,44,Female,29-04-2021,robersonandrew@yahoo.com
629,Kathryn Torres,North,41,Female,02-04-2023,sherrimartin@williams.biz
630,Mark Schneider,West,39,Female,16-06-2024,hchen@logan.org
631,Brian Merritt,North,27,Female,10-10-2023,kimberly83@yahoo.com
632,Samantha Bartlett,North,18,Male,04-09-2022,jorgeward@barnett.com
633,Austin Burns,West,36,Female,18-04-2024,jsanchez@lopez.org
634,Chris Winters,South,26,Male,28-12-2021,wgriffin@campbell.info
635,Alexis Henderson,Central,29,Male,03-04-2023,mathewscynthia@hunt.com
636,Brenda Cox,South,69,Female,20-12-2023,ksimpson@yahoo.com
637,Diana Silva,North,22,Female,03-10-2020,jenniferoconnell@fowler.com
638,Donna Foster,East,62,Female,07-12-2020,boydmelissa@miller.net
639,Yvonne Walker,South,67,Female,27-04-2023,meaganclark@chavez-medina.com
640,Richard Landry,West,29,Female,05-07-2020,brenda34@schaefer.com
641,Lindsay Wong,East,38,Female,09-09-2022,bakercollin@hotmail.com
642,Jason Miller,North,48,Female,09-07-2020,wsolis@gmail.com
643,Chelsea Rogers,South,35,Female,04-06-2024,whitebobby@carrillo.org
644,Kaitlyn Douglas,North,31,Male,28-02-2020,drichardson@hotmail.com
645,Tammie Moore,Central,56,Female,19-01-2021,mitchelljared@porter-pace.org
646,Donald Smith,East,47,Female,21-07-2020,kevinhines@yahoo.com
647,Sherry Dickerson,West,58,Female,31-08-2022,kvilla@smith-banks.com
648,William Whitaker,South,55,Male,30-01-2024,grahamanthony@yahoo.com
649,Anthony Scott,East,29,Male,18-03-2022,linda31@hotmail.com
650,Peggy Rodriguez,North,48,Female,14-08-2022,johnsonkayla@lindsey.com
651,Jillian Haas,Central,26,Female,22-11-2022,mandrews@meadows-norman.com
652,Chad Ward,Central,67,Female,14-02-2020,elizabethsnow@yahoo.com
653,Clinton Huffman,North,35,Female,25-05-2023,joseph55@yahoo.com
654,Alexander Contreras,Central,21,Male,24-04-2024,david66@yahoo.com
655,Abigail Walsh,East,42,Male,11-02-2022,melissa49@yahoo.com
656,Dana Church,North,63,Female,06-10-2020,zwilkinson@gmail.com
657,Denise Kerr,South,36,Female,29-08-2022,anthonybrock@hotmail.com
658,Anne Nolan,Central,66,Female,30-11-2021,wortiz@benjamin-allen.net
659,Tommy Haas,Central,28,Female,24-01-2024,andrea11@murphy.com
660,David Salinas,North,68,Female,24-03-2024,dustinbaird@case-logan.org
661,Eric Sanchez,East,24,Female,28-09-2020,kevinwilliams@hotmail.com
662,Justin Vasquez,Central,44,Female,28-08-2021,etran@gmail.com
663,Lucas Oneal,East,53,Female,17-02-2020,jacksonchristopher@marshall.com
664,Debra Beck,Central,58,Female,17-04-2020,churchbrandon@yahoo.com
665,Brandon Anderson,North,38,Female,16-07-2022,matthewgiles@hotmail.com
666,Haley Hudson,North,54,Female,23-08-2020,dbrown@mcdaniel.biz
667,Michael Phillips,North,42,Female,12-08-2024,jamescarter@gmail.com
668,John Ramirez,West,46,Female,08-12-2022,anthonymurray@gmail.com
669,Melanie Shaw,South,35,Female,25-03-2024,leslieflores@gmail.com
670,Annette Flores,West,69,Male,25-09-2023,greenpatrick@murillo.net
671,Joseph Reeves,North,69,Male,12-01-2024,zturner@yahoo.com
672,Tara Graves,East,37,Male,28-05-2021,bpeterson@harrison.com
673,Gregory Walters,North,65,Female,18-09-2022,umcguire@hale-martin.com
674,Raymond Oconnor,Central,44,Female,10-02-2021,shannonkim@gmail.com
675,Craig Mcdaniel,South,48,Female,21-03-2022,davidcaldwell@gmail.com
676,Jonathan Torres,Central,54,Female,24-01-2024,stacie42@gmail.com
677,Rachel Jones,Central,55,Female,30-11-2021,bcoffey@gmail.com
678,Jeffrey Campbell,North,63,Male,19-05-2021,kellyvictoria@hotmail.com
679,Pamela Pugh,Central,51,Female,02-05-2020,johnsonwilliam@williams.com
680,Katrina Miller,West,63,Male,18-12-2022,olopez@gmail.com
681,Robert Brown,East,22,Female,17-05-2022,mendozaalex@thomas-pacheco.net
682,Christine Griffin,North,23,Female,17-12-2022,juliejones@yahoo.com
683,Mary Cruz,North,23,Male,20-02-2024,grant38@hines-allen.info
684,Bryan Mendez Jr.,Central,67,Male,14-12-2021,martinezjonathan@hotmail.com
685,Joseph Porter,South,53,Male,06-10-2021,brooke85@hotmail.com
686,Albert Gutierrez,Central,50,Female,03-05-2022,davidlambert@fox.info
687,Anne Ballard,Central,63,Male,01-07-2020,brooksmary@baker.com
688,Katrina Rivera,Central,52,Female,14-01-2020,martinezperry@williams-zamora.net
689,Maria Villanueva,West,23,Male,22-09-2024,wyoung@yahoo.com
690,Heather Clements,South,53,Female,09-08-2020,calderonmorgan@wilson.net
691,Tim Stone,North,67,Female,29-04-2022,berryisaac@wilson.com
692,Dana Romero,East,62,Male,18-06-2021,kristin83@hotmail.com
693,Dylan Bishop,West,19,Female,21-04-2021,xwise@yahoo.com
694,Andrea Rice,Central,47,Female,11-11-2022,rosariolucas@hayes-cline.net
695,Melissa Torres,East,20,Male,31-08-2022,brianroman@gmail.com
696,Anthony Acosta,South,22,Female,14-11-2020,justin93@gmail.com
697,Heather Wood,East,24,Female,09-04-2024,brownemily@yahoo.com
698,Matthew Thomas,North,35,Male,11-10-2023,qhamilton@irwin.com
699,Jennifer Moore,Central,61,Female,14-08-2023,craig28@yahoo.com
700,William Coleman,South,34,Male,07-03-2020,pphillips@sims.com
701,Richard Brown,East,49,Male,27-05-2020,danielmartin@young.com
702,Julie Watson,North,56,Female,08-04-2021,robert86@gmail.com
703,David Beck,South,35,Male,08-08-2021,brittany66@hotmail.com
704,Bruce Rogers,West,19,Female,04-11-2020,mwilkinson@hotmail.com
705,John Brown,Central,50,Female,28-05-2022,crystalgibson@walsh-jones.net
706,Amber Martinez,South,39,Female,24-03-2020,walkermichael@yahoo.com
707,Melissa Morgan,Central,19,Male,11-08-2022,taylortracy@rogers.org
708,John Carter,North,65,Female,29-04-2022,elizabeththompson@butler.info
709,Kevin Joyce,Central,50,Female,07-05-2023,benjamin62@myers.com
710,Clinton Smith,North,40,Female,04-02-2022,qwoods@mcmillan.info
711,Lisa Smith,South,45,Female,23-07-2022,manningcrystal@hotmail.com
712,Mark Williams,South,41,Female,02-10-2020,heatherowen@schmidt.com
713,Daniel Coleman,West,21,Female,15-03-2023,richardmyers@norton-mitchell.com
714,Kayla Jimenez,East,23,Male,30-05-2020,robbinskenneth@gmail.com
715,James Austin,West,22,Male,02-05-2022,vmorris@fox.info
716,Jennifer Hernandez,East,59,Male,29-04-2024,dylansmith@yahoo.com
717,Mary Rodriguez,South,63,Male,18-11-2022,ravenross@cole-johnson.net
718,Mike Mcknight,West,65,Male,28-04-2023,rodriguezkeith@allison.com
719,Natasha Quinn,North,47,Female,07-11-2022,shannonwright@gmail.com
720,Cynthia Lee,East,44,Male,08-02-2023,mhayes@shields.info
721,Mary Parker,East,30,Male,18-09-2024,donald93@yahoo.com
722,Kimberly Martinez,Central,35,Male,27-10-2021,zacharygraham@harrison.com
723,Lindsay Gomez,Central,46,Male,15-08-2021,omar22@hodges.com
724,Janice Wood,Central,31,Male,18-12-2022,zjohnson@hotmail.com
725,Maria Sparks,South,68,Female,08-04-2023,brownraymond@hanson.biz
726,Carly Jackson,South,51,Female,23-10-2023,lewisharry@carroll-pope.net
727,Megan Holmes,North,67,Male,14-10-2022,ryan02@harris-maxwell.biz
728,Jared Wise,West,25,Female,23-12-2020,qhall@yahoo.com
729,Dr. Michelle Wilson,West,21,Male,10-09-2022,prestonboyd@riley-smith.com
730,Deborah Ross,East,55,Male,03-11-2020,kathryn48@yahoo.com
731,Kelly Roberts,East,29,Female,26-06-2021,scottmarisa@gmail.com
732,Mary Thompson,West,67,Female,21-06-2024,mitchellrebecca@pierce.biz
733,Breanna Rodriguez,East,27,Male,12-05-2020,cherylsantos@parker-valdez.com
734,Kevin Ruiz,South,29,Female,12-04-2024,zhorton@wallace-alvarez.info
735,April Ferguson,South,60,Female,09-05-2020,randysmith@yahoo.com
736,Adam Black,West,56,Male,26-08-2024,elizabethharper@yahoo.com
737,Corey Lewis,Central,31,Female,24-05-2021,brittany36@gmail.com
738,Kathy Garcia,Central,49,Female,13-12-2022,alex29@gmail.com
739,Steven Young,North,68,Male,01-03-2022,umoyer@scott.com
740,Jonathan Strong,North,31,Female,20-02-2022,james56@gmail.com
741,Charles Jones,North,48,Male,25-07-2024,derekrobinson@shelton.biz
742,Timothy Hall,North,19,Female,13-03-2023,schwartzkathy@yahoo.com
743,Brenda Meyer,East,58,Female,27-08-2023,hhoffman@singleton.net
744,Angel Stewart,South,27,Male,22-08-2021,jeffery69@hotmail.com
745,Nathaniel Willis,North,51,Male,03-11-2021,wraymond@hotmail.com
746,Miss Katherine White,Central,45,Female,27-03-2022,poolebrian@king.com
747,Joshua Hall,North,67,Male,13-11-2022,huberrandy@yahoo.com
748,Heather Carter,Central,37,Male,17-05-2021,lgonzalez@bell-mccall.biz
749,Larry Pratt,Central,45,Female,24-05-2023,turnerrandall@gmail.com
750,James Hughes,West,60,Female,15-09-2020,hray@hotmail.com
751,Christina Morris,West,49,Male,12-05-2022,williamssamantha@allen-brown.com
752,Nicole Wiggins,Central,45,Female,23-08-2022,susanwilson@gmail.com
753,Douglas Moore,North,21,Female,11-06-2024,vgarza@valencia-donaldson.net
754,Jermaine Potter,North,63,Female,01-10-2022,edwardsingh@smith-martin.info
755,Donna Mendoza,Central,54,Female,21-10-2020,yolanda60@powell.com
756,Monica Adams,West,50,Female,17-06-2022,gabrielle12@hotmail.com
757,Dana Sanders,West,51,Female,02-12-2020,fallen@gmail.com
758,Daniel Long,Central,25,Male,17-09-2023,rodriguezjennifer@whitehead.com
759,Heather Horne,Central,41,Female,27-01-2023,christian24@yahoo.com
760,Michael Jones,East,43,Male,26-11-2022,joseschneider@farmer-carr.net
761,Michelle Becker,East,34,Female,14-04-2024,bryan71@yahoo.com
762,Stephanie Rivera,North,28,Female,05-06-2020,swansonbrandi@patel.biz
763,Mario Thomas,Central,45,Male,02-10-2023,marshallrichard@gmail.com
764,Joshua Thompson,East,62,Female,12-10-2024,johnvega@hotmail.com
765,Rhonda Erickson,Central,53,Male,05-02-2023,thompsonzachary@henry.com
766,Kenneth Cole,South,29,Male,28-09-2022,petergrant@robinson-conley.biz
767,Amy Porter,North,51,Male,20-09-2022,randolphnathan@olsen.com
768,Nathan Garcia,North,26,Male,25-09-2022,chavezandrea@hotmail.com
769,Michael Robinson,North,25,Female,21-12-2022,wheelerrobert@grant.com
770,Laurie Jimenez,West,50,Female,15-05-2021,armstronglori@gmail.com
771,Heather Cannon,Central,50,Female,17-07-2021,marvin52@savage-morris.com
772,Veronica Smith,North,65,Female,07-03-2022,gailfarmer@nelson.com
773,Jose Bailey,Central,57,Male,29-01-2021,kristyjordan@thompson-sanchez.com
774,Johnny Gilmore,South,25,Female,24-04-2020,phillipbanks@merritt.biz
775,Casey Edwards,West,58,Female,30-07-2024,sarah50@ware.com
776,Eric Patterson,East,55,Female,24-09-2024,jeffreymartinez@browning.com
777,Victoria Davis,Central,39,Male,30-08-2023,angelapeterson@gmail.com
778,Patricia Jenkins,Central,56,Male,08-06-2022,levi61@martin.info
779,Michael Smith,East,68,Female,20-03-2022,jaybaxter@hotmail.com
780,Evelyn White,Central,26,Female,17-12-2023,michael45@yahoo.com
781,Jennifer Allen,North,20,Female,05-01-2023,smithgloria@yahoo.com
782,Abigail Anderson,North,18,Female,08-07-2023,peter30@may.com
783,Holly Obrien,West,49,Male,06-12-2021,jacobwade@gmail.com
784,Matthew Henderson,Central,26,Female,22-08-2022,nhebert@hahn.com
785,Joshua Leonard,North,21,Female,03-02-2021,ncannon@yahoo.com
786,Carol Carter,South,65,Male,24-03-2020,tonya68@jordan.net
787,Danielle Flowers,West,46,Male,11-07-2021,thomas29@hotmail.com
788,Amy Fisher,South,62,Female,10-10-2020,uwheeler@campbell-barajas.com
789,Timothy Weeks,Central,36,Female,15-11-2021,melissa21@hotmail.com
790,Jennifer James,West,19,Female,07-06-2023,douglas94@hotmail.com
791,Paul Lambert,South,23,Male,21-11-2021,hoffmanmichael@jackson.org
792,Stephanie Garcia,East,29,Male,09-05-2024,yharrison@yahoo.com
793,Anne Gardner,Central,25,Female,19-08-2022,mitchellryan@ray.biz
794,Alexandra Rogers,North,65,Male,19-05-2021,smithjacob@cole.com
795,Elijah Howard,West,20,Female,09-08-2020,douglasmorris@yahoo.com
796,Jason Jenkins,West,44,Female,03-04-2021,weberwilliam@little.biz
797,Leah King,Central,26,Female,22-10-2021,tina20@campbell.com
798,Joshua Stanton,South,21,Female,19-11-2021,jasonpalmer@nguyen-thomas.info
799,Jerry Henry,South,66,Male,13-09-2021,perezbelinda@gmail.com
800,Brian Manning,South,27,Male,03-08-2020,maddenkeith@waters.org
801,Lisa Morales,Central,42,Male,16-09-2024,trevor50@avila-salazar.com
802,Michele Powell,Central,35,Female,12-06-2023,lewiscarl@ellis-bradford.info
803,David Fuller,Central,62,Male,30-05-2023,halldeborah@yahoo.com
804,David Pugh,East,56,Male,26-07-2022,holmesjessica@yahoo.com
805,Jennifer Lindsey,Central,60,Male,22-02-2024,joshuawatts@hotmail.com
806,Jennifer Arellano,East,55,Female,16-08-2020,melissaclark@gmail.com
807,Ronald Wilson,East,32,Male,15-12-2022,kaylaho@yahoo.com
808,Chad Francis,East,27,Male,19-06-2024,williamsmelissa@gmail.com
809,Lisa Hubbard,East,64,Female,25-01-2022,cwarren@miller.info
810,Joshua Lamb,East,23,Female,26-10-2020,yrussell@brock.com
811,Samantha Miller,Central,37,Female,22-04-2021,ablevins@gmail.com
812,Kendra Burke,East,26,Male,22-02-2023,joshua54@costa.com
813,Elizabeth Johnson,North,67,Female,13-01-2024,elizabethdiaz@gmail.com
814,Mark Blake,East,23,Female,28-04-2021,weavergerald@smith.com
815,Robert Greene,South,18,Male,12-06-2022,anthonycarter@stewart-stevenson.com
816,Anna Nguyen,South,36,Female,30-04-2021,shawnbennett@yahoo.com
817,Jose Rosales,Central,21,Female,30-05-2021,donnawright@williams-woods.info
818,Kathleen Johnson,South,68,Male,23-12-2023,moralesjennifer@lang.org
819,Jesse Bennett,West,62,Female,17-09-2024,christopherwilliams@thompson.com
820,Roberta Jones,Central,38,Male,25-12-2023,mhays@williams.com
821,Ebony Mendez,Central,59,Male,28-12-2021,oliverbrandon@yahoo.com
822,Tracy Rios,West,33,Female,26-05-2022,tdavis@yahoo.com
823,Scott Thomas,East,28,Male,27-09-2024,deniseshort@hotmail.com
824,Douglas Smith,North,36,Male,15-05-2022,jameschase@yahoo.com
825,Francisco Ramos,North,66,Female,21-02-2024,monicahopkins@rice.biz
826,Kathleen Rivas,Central,21,Male,12-03-2023,reidmichael@yahoo.com
827,Daniel Lewis,South,19,Male,17-08-2020,evansjennifer@jackson.com
828,Jessica Baker,South,44,Female,05-06-2021,jcarroll@yahoo.com
829,Jessica Anderson,North,43,Male,05-04-2020,katrinabentley@jones-brooks.com
830,Brian Thompson,West,38,Male,22-06-2022,mary28@spencer.com
831,Lindsey Gilbert,South,67,Male,01-05-2022,lmejia@gmail.com
832,Meghan Hardin,North,32,Female,06-10-2024,rebecca54@hotmail.com
833,Lindsay Miller,North,41,Female,09-12-2021,pdowns@schwartz-carter.com
834,Randy Taylor,North,18,Male,29-04-2024,annebray@yahoo.com
835,Thomas Bennett,North,29,Male,20-10-2023,tammy24@hotmail.com
836,Kristy Mclaughlin,North,45,Female,25-09-2021,prattwilliam@yahoo.com
837,Sarah Costa,Central,46,Male,03-11-2021,kevinlewis@hotmail.com
838,Robert Mason,East,26,Female,21-08-2023,matthew77@yahoo.com
839,Jeffery Simmons,West,53,Female,05-04-2024,collinsterri@oconnell-frank.com
840,Alicia Martinez,North,63,Male,15-02-2023,burnsjames@gmail.com
841,Kayla Russell,North,52,Male,20-04-2020,pstone@hotmail.com
842,Dennis Miller,West,53,Male,17-01-2024,ryan05@gmail.com
843,Deborah Wilson,East,54,Female,12-08-2020,eric59@fleming-cervantes.com
844,Keith Day,East,42,Male,25-05-2024,ismith@nelson.com
845,Meghan Davidson,East,44,Female,29-08-2022,christine29@yahoo.com
846,Paul Johnson,East,20,Male,18-10-2024,elaine86@wright.com
847,David Jones,West,36,Female,27-11-2020,flemingtony@martin.org
848,Barbara Reese,Central,44,Female,22-06-2020,bobbyponce@fritz-ortega.com
849,John Coleman,West,58,Male,18-02-2020,moyerjennifer@yahoo.com
850,Shannon Hurst,Central,22,Female,06-08-2022,zhoward@ball.com
851,Charles Mckee,East,57,Male,24-02-2021,zbarrera@yahoo.com
852,Amber Aguirre,North,40,Female,17-04-2020,wwhitehead@hotmail.com
853,David Stanley,North,52,Female,02-06-2022,zbailey@hotmail.com
854,Jeffrey Schneider,South,30,Female,25-11-2022,gpowell@perkins.biz
855,Cameron Sherman,South,66,Female,02-08-2021,fmcknight@le.net
856,Barbara Riggs,East,36,Male,13-09-2024,lowemaria@yahoo.com
857,Debra Taylor,Central,20,Female,10-03-2023,christine71@woods.com
858,Jacob Nelson,West,32,Female,29-11-2022,leah73@gmail.com
859,Richard Murray,North,48,Female,12-07-2023,vcastro@yahoo.com
860,Michael Evans,West,40,Male,18-01-2023,jasonburns@gmail.com
861,Donald Green,East,26,Male,29-06-2023,ljohnson@hotmail.com
862,Elizabeth Oconnor,East,36,Female,02-05-2020,tgarcia@gmail.com
863,Gregory White,West,37,Male,30-12-2022,nathan71@willis.biz
864,Amanda Lewis,West,38,Female,22-04-2020,floresjeff@mitchell.net
865,Barbara Lindsey,South,54,Female,09-12-2022,brockjill@yahoo.com
866,Mrs. Linda Harrison MD,North,27,Male,28-11-2021,ryan52@hotmail.com
867,Clarence King MD,North,34,Male,09-10-2022,bonnie64@smith-glenn.biz
868,Ms. Martha Wood,Central,47,Male,12-03-2023,mark24@barrera-brown.info
869,Lori Swanson,East,69,Female,17-03-2022,graykatie@gmail.com
870,Misty Mccormick,West,25,Female,01-05-2021,edwardsamber@gmail.com
871,Martin Jones,Central,53,Female,24-05-2020,matthewwright@hotmail.com
872,Elizabeth Hall,Central,34,Female,31-08-2021,ynolan@powell-ramsey.net
873,Vanessa Dunn,West,40,Male,05-06-2021,carolyn58@weber.org
874,Michael Smith,West,20,Female,17-11-2020,ecameron@oconnor-stephenson.com
875,Jamie White,Central,66,Female,21-01-2021,mariashields@gmail.com
876,Ryan Bailey,North,52,Male,06-07-2024,johnsoto@yahoo.com
877,Melissa Smith,West,50,Female,10-04-2022,beverly23@thompson.com
878,Vanessa Chandler,South,60,Male,24-12-2020,djohnston@yahoo.com
879,Charles Fuller,West,48,Male,29-03-2022,karenchurch@hoffman.com
880,Carlos Nichols,Central,66,Female,06-05-2020,michael66@hill.com
881,Susan Palmer,East,42,Male,24-01-2021,churchshari@miller.com
882,Brandi Hoover,East,64,Female,01-09-2020,matthewrichard@hotmail.com
883,Madison Wilson,Central,66,Male,07-12-2021,rmccarthy@hotmail.com
884,Ashley Allen,Central,50,Female,04-02-2022,ccuevas@hotmail.com
885,Briana Barker,East,54,Female,16-09-2023,nberry@joseph.org
886,Todd Dickerson,North,20,Male,18-12-2023,jessicawarner@gmail.com
887,Patrick Ford,East,33,Male,30-09-2022,thomas21@yahoo.com
888,Kelly Diaz,East,40,Male,02-03-2021,bridgetbennett@braun.com
889,Brandon James,North,60,Male,14-07-2020,odonnellelizabeth@yahoo.com
890,Holly Davis,West,53,Male,19-10-2021,nhiggins@gmail.com
891,Kimberly Gillespie,North,19,Female,25-05-2023,shari11@gmail.com
892,Andrea Barnes,South,34,Female,13-10-2023,hooverjustin@hotmail.com
893,Kelli Green,Central,20,Female,22-10-2024,bartonrandall@munoz.info
894,James Moreno,Central,53,Male,29-08-2024,nortonkaylee@yahoo.com
895,Tommy Lambert,West,56,Female,18-06-2024,marc79@gmail.com
896,Barbara Hall,West,60,Male,13-09-2022,robert88@phillips.com
897,John Mcdowell,North,48,Female,30-12-2020,johnsoncheyenne@hotmail.com
898,Lauren Watson,East,50,Female,06-06-2021,christina96@spencer-miller.com
899,David Sosa,North,47,Female,16-08-2021,raymond40@hotmail.com
900,John White,West,51,Female,28-12-2020,manuellynch@hotmail.com
901,Laurie Travis,North,64,Male,07-09-2024,jacqueline97@robertson.com
902,Joseph Chan,West,45,Male,04-09-2022,vavery@yahoo.com
903,Noah Mendoza,North,20,Male,23-01-2020,leemichelle@thomas.biz
904,Hannah Costa,North,55,Female,30-04-2022,justindorsey@miller.net
905,Antonio Brown,North,18,Male,23-04-2024,melanieharrison@gonzalez.com
906,Peter Drake,East,20,Female,10-12-2020,tara25@gmail.com
907,Edgar Lewis,Central,48,Female,05-01-2022,nross@hotmail.com
908,Jennifer Joseph MD,West,32,Female,02-12-2022,josephjackson@gmail.com
909,Gerald Gardner,North,62,Female,27-03-2021,clinton55@gmail.com
910,Spencer Bates,West,53,Female,21-07-2023,torresjames@hotmail.com
911,Catherine Roberson,Central,58,Male,01-06-2024,amandahudson@johnson.com
912,Jeffery Ryan,West,65,Male,09-08-2024,thomasstephanie@hotmail.com
913,Johnny Howe,West,42,Male,01-03-2022,belljo@carpenter.com
914,Sara Jackson,East,35,Female,27-12-2022,dawn61@reed.com
915,Diana Harris,Central,25,Male,08-02-2023,courtney30@vega.com
916,Monica Harris,Central,54,Male,07-05-2024,porterdustin@morrow-edwards.com
917,Nancy Welch,Central,34,Female,27-03-2022,christinacollins@yahoo.com
918,Erin Robinson,South,67,Male,04-10-2020,gilljames@hotmail.com
919,Gabriella Johnson,West,25,Male,13-03-2023,billy49@hubbard-herring.com
920,Steven White,West,60,Male,17-05-2024,tonyabarton@wilson.com
921,Dennis Stone,East,48,Male,10-08-2023,bwoodard@hotmail.com
922,Oscar Garcia,East,26,Female,02-07-2023,diane91@hotmail.com
923,Bethany Anderson,West,50,Male,19-12-2022,jacquelinemcdaniel@perez-jones.com
924,Morgan Hunt,Central,39,Male,07-12-2022,vaughnkelly@davis.com
925,Annette Silva,North,43,Female,16-10-2022,joshua56@hotmail.com
926,Nicole Hernandez,North,23,Female,30-12-2023,richardmoore@shepherd.net
927,Dennis Shannon,South,41,Male,30-05-2024,dcruz@parker.com
928,Roger Garcia,South,63,Female,10-04-2024,brookebell@anderson.biz
929,Mark Johnston,South,61,Male,19-02-2022,michaelsalas@gmail.com
930,Mary Edwards,South,20,Male,23-09-2023,bjohnson@gmail.com
931,Karen Wallace,East,58,Male,22-09-2020,janesweeney@yahoo.com
932,Crystal Prince,Central,31,Male,03-10-2020,smithjoshua@gmail.com
933,Kathleen Mathews,South,52,Male,24-04-2021,bethmorgan@thomas-campbell.org
934,Michael Sanchez,West,56,Female,31-01-2020,matthewserrano@west.org
935,Pamela Snyder,Central,39,Male,05-03-2023,kellybrandy@hotmail.com
936,Meagan Christensen,North,46,Female,17-01-2021,pchaney@gmail.com
937,Brittany Cummings,North,54,Female,10-01-2023,barnesmichael@hotmail.com
938,Tracey Taylor,South,25,Male,19-08-2021,bradleyrichard@yahoo.com
939,Krista Moore,West,60,Female,18-06-2024,ndominguez@hunt.com
940,Brad Johnson,East,69,Male,19-11-2023,robertflores@smith.org
941,Deanna Barrett,South,50,Female,08-12-2022,edward42@gmail.com
942,Heather Jackson,North,44,Male,02-11-2020,jeremy58@martin-taylor.org
943,Reginald Velasquez,North,42,Female,07-01-2021,gmyers@barry-perry.net
944,Sarah Jones,West,24,Female,20-07-2022,amanda16@yahoo.com
945,Elizabeth Daniel,East,63,Male,09-10-2024,edwardsraymond@ramirez.com
946,Gordon Phillips,North,52,Male,16-04-2024,carolynbautista@joyce.com
947,Anthony Mcgee,West,49,Female,21-06-2020,warewesley@hotmail.com
948,Ernest Young,North,59,Female,21-12-2020,franciskevin@yahoo.com
949,Cynthia Green,West,47,Female,16-11-2022,villegasdebbie@smith-bartlett.com
950,Robert Cohen,East,26,Female,20-10-2023,michaeldelacruz@yahoo.com
951,Christine Knight,North,62,Female,24-03-2020,dfernandez@long.com
952,Whitney Campos,South,67,Male,24-05-2021,kimberlyreilly@yahoo.com
953,Karen Anderson,West,44,Male,14-02-2021,sryan@gmail.com
954,Ashley Turner,North,23,Female,02-06-2024,gsmith@ramsey.com
955,Steven Chase,East,55,Female,16-09-2022,austinlee@gmail.com
956,Karen Hamilton,South,55,Male,18-05-2022,katherine74@benton.org
957,Martha Miller,North,59,Male,30-09-2022,christinabradley@webster.com
958,Kimberly Ramos,South,60,Male,28-08-2022,margaretnixon@williamson.biz
959,Michael Strong,East,38,Male,20-09-2024,tanya86@chase.org
960,Isabella Ross,North,63,Female,31-07-2020,edwardsmatthew@dixon.com
961,Justin Howard,West,45,Female,15-07-2020,drew74@reed-pearson.com
962,Barbara Gutierrez,North,18,Female,07-01-2023,prestonkimberly@thomas.info
963,Mrs. Lisa Torres,South,41,Female,04-06-2024,lewisnicholas@salas.com
964,Jorge Bowman,East,62,Male,16-01-2023,leahmccann@rios.com
965,Nicole Ryan,North,66,Male,08-05-2022,austinalvarez@gmail.com
966,Alexa Erickson,North,51,Female,21-06-2023,ashley45@gmail.com
967,Lawrence Graham,Central,53,Female,30-05-2021,yatesbryan@hotmail.com
968,Bruce Cook,South,18,Female,30-12-2021,sgonzalez@rowland.com
969,Sarah Barron,Central,59,Female,17-01-2020,cswanson@gmail.com
970,Alyssa Burke,North,35,Male,28-03-2022,vanderson@yahoo.com
971,Angela Acevedo,South,53,Male,19-11-2021,iwalters@pennington.org
972,Steven Francis,East,35,Female,30-08-2023,sandovalmelissa@yahoo.com
973,Kathy Moore,North,31,Female,07-03-2024,danielnelson@gmail.com
974,Joshua Garcia,South,20,Female,23-01-2020,millerstacy@yahoo.com
975,Pedro Williams,East,69,Female,27-12-2021,kenneth31@simpson-murphy.com
976,Patricia Glover,East,38,Male,09-11-2020,dmoran@richards.com
977,Christian Johnston,South,20,Male,28-01-2021,allisonscott@yahoo.com
978,Rebecca Jackson,East,39,Female,25-10-2023,aprilgarrett@hunter.net
979,Sheila Erickson,South,38,Female,02-11-2020,robertmorris@thomas-cunningham.info
980,Gregory Andrade,North,24,Female,22-04-2022,davisjohn@yahoo.com
981,Eric Orozco,North,22,Female,23-10-2020,shannonlewis@gmail.com
982,George Hutchinson,North,19,Female,19-04-2020,bclark@hotmail.com
983,Sara Liu,South,26,Female,28-08-2023,gcook@howell-morales.com
984,Robert Williams,Central,44,Male,09-07-2021,kelly15@hotmail.com
985,Juan Miller,North,30,Female,15-04-2020,omerritt@hotmail.com
986,Jonathan Miller,Central,38,Male,24-02-2022,fitzgeraldbrittany@lopez.info
987,David Wells,South,69,Male,21-08-2022,philliphawkins@scott.org
988,Matthew Escobar,Central,67,Female,07-04-2024,kristinebush@yahoo.com
989,Allison Harper,East,37,Male,13-03-2024,zbryant@mcclure-matthews.biz
990,George Ballard,North,49,Female,15-03-2021,michael33@hotmail.com
991,John Sellers,West,68,Female,29-06-2022,amber57@yahoo.com
992,Larry Carter,East,22,Male,27-03-2020,rodriguezwilliam@yahoo.com
993,Holly Taylor,West,38,Female,24-03-2024,william04@gmail.com
994,Brandon Willis,Central,41,Male,14-04-2022,bblair@dorsey.org
995,Angela Wood,East,64,Female,06-10-2021,jared10@reynolds-malone.biz
996,Dr. Hannah Pearson,North,52,Male,27-02-2020,qrodriguez@thomas.net
997,Alison Ward,South,41,Male,04-04-2021,nschroeder@bowen.com
998,Erica Harmon,Central,33,Female,06-05-2021,johnsonanthony@hotmail.com
999,Amy Jackson,Central,65,Male,08-08-2024,allison58@davis-murray.com
1000,Tyrone Ferrell,Central,42,Female,15-02-2024,qandrews@hotmail.com
